success_rate,average_loops,average_loops_success,average_acc,average_prec,average_f1
0.6333333333333333,1.2,1.2105263157894737,0.7539682539682538,0.8296296296296296,0.7724338624338625
