success_rate,average_loops,average_loops_success,average_acc,average_prec,average_f1,is_min_rate,average_cost_rate_success
0.5,1.1,1.0,0.5777777777777777,0.5923015873015873,0.5658994708994709,0.5333333333333333,1.1222222222222222
0.6,1.0333333333333334,1.0,0.6944444444444444,0.6627777777777778,0.6676638176638175,0.6,1.0811965811965811
