success_rate,average_loops,average_loops_success,average_acc,average_prec,average_f1
0.6470588235294118,1.0,1.0,0.8774509803921569,0.9607843137254901,0.9081232492997199
