success_rate,average_loops,average_loops_success,average_acc,average_prec,average_f1
0.6666666666666666,1.1,1.0,0.7542857142857143,0.7814285714285715,0.7601058201058203
