success_rate,average_loops,average_loops_success,average_acc,average_prec,average_f1
0.9032258064516129,1.064516129032258,1.0,0.8955453149001537,0.913978494623656,0.897067448680352
