success_rate,average_loops,average_loops_success,average_acc,average_prec,average_f1,is_min_rate,average_cost_rate_success
0.6,1.0,1.0,0.5855555555555554,0.5331746031746032,0.5490209790209789,0.5333333333333333,1.067251461988304
