success_rate,average_loops,average_loops_success,average_acc,average_prec,average_f1,is_min_rate,average_cost_rate_success
0.8,1.2,1.125,0.7861111111111111,0.7211640211640211,0.7280563880563881,0.7666666666666667,0.9527281746031746
0.8333333333333334,1.3333333333333333,1.0,0.8222222222222222,0.8152380952380952,0.8111396011396012,0.6666666666666666,1.0112857142857143
