precision,recall,f1_score
0.7289719626168224,0.8478260869565217,0.7839195979899496
