precision,recall,f1_score
0.9119170984455959,0.9565217391304348,0.9336870026525199
