precision,recall,f1_score
0.8702702702702703,0.875,0.872628726287263
