precision,recall,f1_score
0.8357142857142857,0.6358695652173914,0.7222222222222223
