precision,recall,f1_score
0.9021739130434783,0.9021739130434783,0.9021739130434784
