precision,recall,f1_score
0.8930817610062893,0.7717391304347826,0.8279883381924199
