precision,recall,f1_score
0.7609756097560976,0.8478260869565217,0.8020565552699229
