precision,recall,f1_score
0.6385542168674698,0.8641304347826086,0.7344110854503464
